page_family,path,session,initial_http_status,alpine_observed,uncaught_js_errors,interpretation,related_actions
app,/dashboard,local owner,200,True,0,Page load and rendered-control inventory; not every mutation submitted.,
app,/dashboard/trends/,local owner,200,True,0,Page load and rendered-control inventory; not every mutation submitted.,
app,/products/,local owner,200,True,0,Page load and rendered-control inventory; not every mutation submitted.,
app,/products/?view=components,local owner,200,True,0,Page load and rendered-control inventory; not every mutation submitted.,
app,/products/?view=releases,local owner,200,True,0,Page load and rendered-control inventory; not every mutation submitted.,
app,/products/new/,local owner,200,True,0,Page load and rendered-control inventory; not every mutation submitted.,
app,/components/new/,local owner,200,True,0,Page load and rendered-control inventory; not every mutation submitted.,
app,/security-advisories/,local owner,200,True,0,Page load and rendered-control inventory; not every mutation submitted.,
app,/security-advisories/new/,local owner,200,True,0,Page load and rendered-control inventory; not every mutation submitted.,
app,/workspaces/,local owner,200,True,0,Page load and rendered-control inventory; not every mutation submitted.,
app,/settings,local owner,redirect/proxy,unknown,0,Proxy redirect failed; redirect chain investigated separately. Not an app-defect verdict.,
app,/plugins/,local owner,200,True,0,Page load and rendered-control inventory; not every mutation submitted.,
app,/compliance/cra/,local owner,200,True,0,Page load and rendered-control inventory; not every mutation submitted.,
app,/vulnerability-trends/,local owner,200,True,0,Page load and rendered-control inventory; not every mutation submitted.,
app,/support/contact/,local owner,200,True,0,Page load and rendered-control inventory; not every mutation submitted.,
app,/support/contact/success/,local owner,200,True,0,Page load and rendered-control inventory; not every mutation submitted.,
app,/billing/enterprise-contact/,local owner,200,True,0,Page load and rendered-control inventory; not every mutation submitted.,
app,/billing/checkout/cancel/,local owner,200,True,0,Page load and rendered-control inventory; not every mutation submitted.,
app,/billing/checkout/success/,local owner,200,True,0,Page load and rendered-control inventory; not every mutation submitted.,
app,/onboarding/select-plan/,local owner,redirect/proxy,unknown,0,Proxy redirect failed; redirect chain investigated separately. Not an app-defect verdict.,
app,/workspaces/onboarding/,local owner,redirect/proxy,unknown,0,Proxy redirect failed; redirect chain investigated separately. Not an app-defect verdict.,
settings,/workspaces/SPJyC6UIb/settings/general,local owner,200,True,0,Page load and rendered-control inventory; not every mutation submitted.,
settings,/workspaces/SPJyC6UIb/settings/members,local owner,200,True,0,Page load and rendered-control inventory; not every mutation submitted.,
settings,/workspaces/SPJyC6UIb/settings/tokens,local owner,200,True,0,Page load and rendered-control inventory; not every mutation submitted.,
settings,/workspaces/SPJyC6UIb/settings/contact-profiles,local owner,200,True,0,Page load and rendered-control inventory; not every mutation submitted.,
settings,/workspaces/SPJyC6UIb/settings/trust-center,local owner,200,True,0,Page load and rendered-control inventory; not every mutation submitted.,
settings,/workspaces/SPJyC6UIb/settings/branding,local owner,200,True,0,Page load and rendered-control inventory; not every mutation submitted.,
settings,/workspaces/SPJyC6UIb/settings/billing,local owner,redirect/proxy,unknown,0,Proxy redirect failed; redirect chain investigated separately. Not an app-defect verdict.,
settings,/workspaces/SPJyC6UIb/settings/account,local owner,200,True,0,Page load and rendered-control inventory; not every mutation submitted.,
workspace,/workspaces/SPJyC6UIb,local owner,200,True,0,Page load and rendered-control inventory; not every mutation submitted.,
workspace,/workspaces/SPJyC6UIb/crypto/,local owner,200,True,0,Page load and rendered-control inventory; not every mutation submitted.,
workspace,/workspaces/SPJyC6UIb/vulnerability-scans/,local owner,200,True,0,Page load and rendered-control inventory; not every mutation submitted.,
workspace,/workspaces/SPJyC6UIb/contact-profiles/form,local owner,200,False,0,Partial loaded directly for inspection; normally requires owning settings page.,UI-02
workspace,/workspaces/invite/SPJyC6UIb/,local owner,200,True,0,Page load and rendered-control inventory; not every mutation submitted.,
workspace,/billing/select-plan/SPJyC6UIb/,local owner,200,False,0,Page load and rendered-control inventory; not every mutation submitted. Alpine not observed within sweep timeout; do not count this attempt as an interaction check.,
parties,/workspaces/SPJyC6UIb/contact-profiles/GQkyjeZ3KOth/form,local owner,200,False,0,Partial loaded directly for inspection; normally requires owning settings page.,UI-02
product,/product/fD39Boy1IpiD/,local owner,200,True,0,Page load and rendered-control inventory; not every mutation submitted.,UI-01; UI-03
release-history,/product/fD39Boy1IpiD/releases/,local owner,200,True,0,Page load and rendered-control inventory; not every mutation submitted.,
public-product,/public/product/fD39Boy1IpiD/,anonymous,200,True,0,Page load and rendered-control inventory; not every mutation submitted.,
public-release-history,/public/product/fD39Boy1IpiD/releases/,anonymous,200,True,0,Page load and rendered-control inventory; not every mutation submitted.,
product,/product/spwYAI4x6szs/,local owner,200,True,0,Page load and rendered-control inventory; not every mutation submitted.,UI-01; UI-03
release-history,/product/spwYAI4x6szs/releases/,local owner,200,True,0,Page load and rendered-control inventory; not every mutation submitted.,
public-product,/public/product/spwYAI4x6szs/,anonymous,200,True,0,Page load and rendered-control inventory; not every mutation submitted.,
public-release-history,/public/product/spwYAI4x6szs/releases/,anonymous,200,True,0,Page load and rendered-control inventory; not every mutation submitted.,
product,/product/vPaL4oD3FDK5/,local owner,200,True,0,Page load and rendered-control inventory; not every mutation submitted.,UI-01; UI-03
release-history,/product/vPaL4oD3FDK5/releases/,local owner,200,True,0,Page load and rendered-control inventory; not every mutation submitted.,
public-product,/public/product/vPaL4oD3FDK5/,anonymous,200,True,0,Page load and rendered-control inventory; not every mutation submitted.,
public-release-history,/public/product/vPaL4oD3FDK5/releases/,anonymous,200,True,0,Page load and rendered-control inventory; not every mutation submitted.,
product,/product/dxZ7Vw70HalF/,local owner,200,True,0,Page load and rendered-control inventory; not every mutation submitted.,UI-01; UI-03
release-history,/product/dxZ7Vw70HalF/releases/,local owner,200,True,0,Page load and rendered-control inventory; not every mutation submitted.,
product,/product/XJCgnAsxVBEA/,local owner,200,True,0,Page load and rendered-control inventory; not every mutation submitted.,UI-01; UI-03
release-history,/product/XJCgnAsxVBEA/releases/,local owner,200,True,0,Page load and rendered-control inventory; not every mutation submitted.,
product,/product/D1ELUpcE4Ngj/,local owner,200,True,0,Page load and rendered-control inventory; not every mutation submitted.,UI-01; UI-03
release-history,/product/D1ELUpcE4Ngj/releases/,local owner,200,True,0,Page load and rendered-control inventory; not every mutation submitted.,
product,/product/i1pXNmOHG2Ak/,local owner,200,True,0,Page load and rendered-control inventory; not every mutation submitted.,UI-01; UI-03
release-history,/product/i1pXNmOHG2Ak/releases/,local owner,200,True,0,Page load and rendered-control inventory; not every mutation submitted.,
product,/product/uLlgnjouHNpA/,local owner,200,True,0,Page load and rendered-control inventory; not every mutation submitted.,UI-01; UI-03
release-history,/product/uLlgnjouHNpA/releases/,local owner,200,True,0,Page load and rendered-control inventory; not every mutation submitted.,
public-product,/public/product/uLlgnjouHNpA/,anonymous,200,True,0,Page load and rendered-control inventory; not every mutation submitted.,
public-release-history,/public/product/uLlgnjouHNpA/releases/,anonymous,200,True,0,Page load and rendered-control inventory; not every mutation submitted.,
product,/product/dXuFlfT1PfVc/,local owner,200,True,0,Page load and rendered-control inventory; not every mutation submitted.,UI-01; UI-03
release-history,/product/dXuFlfT1PfVc/releases/,local owner,200,True,0,Page load and rendered-control inventory; not every mutation submitted.,
product,/product/evgw1FmL5u1A/,local owner,200,True,0,Page load and rendered-control inventory; not every mutation submitted.,UI-01; UI-03
release-history,/product/evgw1FmL5u1A/releases/,local owner,200,True,0,Page load and rendered-control inventory; not every mutation submitted.,
product,/product/tCGmoeThJRDR/,local owner,200,True,0,Page load and rendered-control inventory; not every mutation submitted.,UI-01; UI-03
release-history,/product/tCGmoeThJRDR/releases/,local owner,200,True,0,Page load and rendered-control inventory; not every mutation submitted.,
public-product,/public/product/tCGmoeThJRDR/,anonymous,200,True,0,Page load and rendered-control inventory; not every mutation submitted.,
public-release-history,/public/product/tCGmoeThJRDR/releases/,anonymous,200,True,0,Page load and rendered-control inventory; not every mutation submitted.,
product,/product/a0QWc8jlw7Xq/,local owner,200,True,0,Page load and rendered-control inventory; not every mutation submitted.,UI-01; UI-03
release-history,/product/a0QWc8jlw7Xq/releases/,local owner,200,True,0,Page load and rendered-control inventory; not every mutation submitted.,
public-product,/public/product/a0QWc8jlw7Xq/,anonymous,200,True,0,Page load and rendered-control inventory; not every mutation submitted.,
public-release-history,/public/product/a0QWc8jlw7Xq/releases/,anonymous,200,True,0,Page load and rendered-control inventory; not every mutation submitted.,
product,/product/earpfKOSgVKH/,local owner,200,True,0,Page load and rendered-control inventory; not every mutation submitted.,UI-01; UI-03
release-history,/product/earpfKOSgVKH/releases/,local owner,200,True,0,Page load and rendered-control inventory; not every mutation submitted.,
public-product,/public/product/earpfKOSgVKH/,anonymous,200,True,0,Page load and rendered-control inventory; not every mutation submitted.,
public-release-history,/public/product/earpfKOSgVKH/releases/,anonymous,200,True,0,Page load and rendered-control inventory; not every mutation submitted.,
release,/product/tCGmoeThJRDR/release/YbvOoUtSde1g/,local owner,200,True,0,Page load and rendered-control inventory; not every mutation submitted.,UI-07
public-release,/public/product/tCGmoeThJRDR/release/YbvOoUtSde1g/,anonymous,200,True,0,Page load and rendered-control inventory; not every mutation submitted.,
release,/product/evgw1FmL5u1A/release/nbHLdWQ1Fbqx/,local owner,200,True,0,Page load and rendered-control inventory; not every mutation submitted.,UI-07
release,/product/i1pXNmOHG2Ak/release/SL65SUfUIEwR/,local owner,200,True,0,Page load and rendered-control inventory; not every mutation submitted.,UI-07
release,/product/a0QWc8jlw7Xq/release/wDpwHuG1ohu9/,local owner,200,True,0,Page load and rendered-control inventory; not every mutation submitted.,UI-07
public-release,/public/product/a0QWc8jlw7Xq/release/wDpwHuG1ohu9/,anonymous,200,True,0,Page load and rendered-control inventory; not every mutation submitted.,
release,/product/D1ELUpcE4Ngj/release/topoDl7DmuO1/,local owner,200,True,0,Page load and rendered-control inventory; not every mutation submitted.,UI-07
release,/product/fD39Boy1IpiD/release/UdZ6RSK6tELU/,local owner,200,True,0,Page load and rendered-control inventory; not every mutation submitted.,UI-07
public-release,/public/product/fD39Boy1IpiD/release/UdZ6RSK6tELU/,anonymous,200,True,0,Page load and rendered-control inventory; not every mutation submitted.,
release,/product/spwYAI4x6szs/release/SfUf5FzUWryA/,local owner,200,True,0,Page load and rendered-control inventory; not every mutation submitted.,UI-07
public-release,/public/product/spwYAI4x6szs/release/SfUf5FzUWryA/,anonymous,200,True,0,Page load and rendered-control inventory; not every mutation submitted.,
release,/product/spwYAI4x6szs/release/Bfm3nNCq74l5/,local owner,200,True,0,Page load and rendered-control inventory; not every mutation submitted.,UI-07
public-release,/public/product/spwYAI4x6szs/release/Bfm3nNCq74l5/,anonymous,200,True,0,Page load and rendered-control inventory; not every mutation submitted.,
release,/product/spwYAI4x6szs/release/AsIdKtce4XpL/,local owner,200,True,0,Page load and rendered-control inventory; not every mutation submitted.,UI-07
public-release,/public/product/spwYAI4x6szs/release/AsIdKtce4XpL/,anonymous,200,True,0,Page load and rendered-control inventory; not every mutation submitted.,
release,/product/dXuFlfT1PfVc/release/TPrzj2l5fB62/,local owner,200,True,0,Page load and rendered-control inventory; not every mutation submitted.,UI-07
release,/product/uLlgnjouHNpA/release/LlPOv6aIh2pW/,local owner,200,True,0,Page load and rendered-control inventory; not every mutation submitted.,UI-07
public-release,/public/product/uLlgnjouHNpA/release/LlPOv6aIh2pW/,anonymous,200,True,0,Page load and rendered-control inventory; not every mutation submitted.,
release,/product/vPaL4oD3FDK5/release/Co90PSZINpQt/,local owner,200,True,0,Page load and rendered-control inventory; not every mutation submitted.,UI-07
public-release,/public/product/vPaL4oD3FDK5/release/Co90PSZINpQt/,anonymous,200,True,0,Page load and rendered-control inventory; not every mutation submitted.,
release,/product/dxZ7Vw70HalF/release/jyK1ZyTv5sO4/,local owner,200,True,0,Page load and rendered-control inventory; not every mutation submitted.,UI-07
release,/product/earpfKOSgVKH/release/rvCyJQw1RRSF/,local owner,200,True,0,Page load and rendered-control inventory; not every mutation submitted.,UI-07
public-release,/public/product/earpfKOSgVKH/release/rvCyJQw1RRSF/,anonymous,200,True,0,Page load and rendered-control inventory; not every mutation submitted.,
release,/product/a0QWc8jlw7Xq/release/yUR6uo81cXpr/,local owner,200,True,0,Page load and rendered-control inventory; not every mutation submitted.,UI-07
public-release,/public/product/a0QWc8jlw7Xq/release/yUR6uo81cXpr/,anonymous,200,True,0,Page load and rendered-control inventory; not every mutation submitted.,
release,/product/XJCgnAsxVBEA/release/YvZ04iCqoO57/,local owner,200,True,0,Page load and rendered-control inventory; not every mutation submitted.,UI-07
release,/product/D1ELUpcE4Ngj/release/TobLIVWbMGFD/,local owner,200,True,0,Page load and rendered-control inventory; not every mutation submitted.,UI-07
release,/product/fD39Boy1IpiD/release/kymXOKLNJJZa/,local owner,200,True,0,Page load and rendered-control inventory; not every mutation submitted.,UI-07
public-release,/public/product/fD39Boy1IpiD/release/kymXOKLNJJZa/,anonymous,200,True,0,Page load and rendered-control inventory; not every mutation submitted.,
release,/product/spwYAI4x6szs/release/qfjwgAvGms9y/,local owner,200,True,0,Page load and rendered-control inventory; not every mutation submitted.,UI-07
public-release,/public/product/spwYAI4x6szs/release/qfjwgAvGms9y/,anonymous,200,True,0,Page load and rendered-control inventory; not every mutation submitted.,
component-document,/component/VcadXe6BPFn8/,local owner,200,True,0,Page load and rendered-control inventory; not every mutation submitted.,UI-04; UI-05
public-component-document,/public/component/VcadXe6BPFn8/,anonymous,200,True,0,Page load and rendered-control inventory; not every mutation submitted.,
component-document,/component/YRHHjOd0fLlv/,local owner,200,True,0,Page load and rendered-control inventory; not every mutation submitted.,UI-04; UI-05
public-component-document,/public/component/YRHHjOd0fLlv/,anonymous,200,True,0,Page load and rendered-control inventory; not every mutation submitted.,
component-document,/component/w2lHKR4Mn7Dq/,local owner,200,True,0,Page load and rendered-control inventory; not every mutation submitted.,UI-04; UI-05
public-component-document,/public/component/w2lHKR4Mn7Dq/,anonymous,200,True,0,Page load and rendered-control inventory; not every mutation submitted.,
component-document,/component/y31PMtFYrMA2/,local owner,200,True,0,Page load and rendered-control inventory; not every mutation submitted.,UI-04; UI-05
component-document,/component/hl7nDMUaHJS8/,local owner,200,True,0,Page load and rendered-control inventory; not every mutation submitted.,UI-04; UI-05
public-component-document,/public/component/hl7nDMUaHJS8/,anonymous,200,True,0,Page load and rendered-control inventory; not every mutation submitted.,
component-document,/component/azAnot7pxjCS/,local owner,200,True,0,Page load and rendered-control inventory; not every mutation submitted.,UI-04; UI-05
public-component-document,/public/component/azAnot7pxjCS/,anonymous,200,True,0,Page load and rendered-control inventory; not every mutation submitted.,
component-bom,/component/DqOG3EyDbfR7/,local owner,200,True,0,Page load and rendered-control inventory; not every mutation submitted.,UI-05; UI-06
artifact-history,/component/DqOG3EyDbfR7/artifacts/,local owner,200,True,0,Page load and rendered-control inventory; not every mutation submitted.,
component-bom,/component/K9uIzhi2FLNb/,local owner,200,True,0,Page load and rendered-control inventory; not every mutation submitted.,UI-05; UI-06
artifact-history,/component/K9uIzhi2FLNb/artifacts/,local owner,200,True,0,Page load and rendered-control inventory; not every mutation submitted.,
component-bom,/component/QJIQPFgydxQq/,local owner,200,True,0,Page load and rendered-control inventory; not every mutation submitted.,UI-05; UI-06
artifact-history,/component/QJIQPFgydxQq/artifacts/,local owner,200,True,0,Page load and rendered-control inventory; not every mutation submitted.,
public-component-bom,/public/component/QJIQPFgydxQq/,anonymous,200,True,0,Page load and rendered-control inventory; not every mutation submitted.,
component-bom,/component/zvqWXecn176S/,local owner,200,True,0,Page load and rendered-control inventory; not every mutation submitted.,UI-05; UI-06
artifact-history,/component/zvqWXecn176S/artifacts/,local owner,200,True,0,Page load and rendered-control inventory; not every mutation submitted.,
public-component-bom,/public/component/zvqWXecn176S/,anonymous,200,True,0,Page load and rendered-control inventory; not every mutation submitted.,
component-bom,/component/wtbn7DvzDnWn/,local owner,200,True,0,Page load and rendered-control inventory; not every mutation submitted.,UI-05; UI-06
artifact-history,/component/wtbn7DvzDnWn/artifacts/,local owner,200,True,0,Page load and rendered-control inventory; not every mutation submitted.,
public-component-bom,/public/component/wtbn7DvzDnWn/,anonymous,200,True,0,Page load and rendered-control inventory; not every mutation submitted.,
component-bom,/component/y02wQRq6w1LQ/,local owner,200,True,0,Page load and rendered-control inventory; not every mutation submitted.,UI-05; UI-06
artifact-history,/component/y02wQRq6w1LQ/artifacts/,local owner,200,True,0,Page load and rendered-control inventory; not every mutation submitted.,
component-bom,/component/GDc9Hn3A77nc/,local owner,200,True,0,Page load and rendered-control inventory; not every mutation submitted.,UI-05; UI-06
artifact-history,/component/GDc9Hn3A77nc/artifacts/,local owner,200,True,0,Page load and rendered-control inventory; not every mutation submitted.,
public-component-bom,/public/component/GDc9Hn3A77nc/,anonymous,200,True,0,Page load and rendered-control inventory; not every mutation submitted.,
component-bom,/component/fN3PHBhKXOXH/,local owner,200,True,0,Page load and rendered-control inventory; not every mutation submitted.,UI-05; UI-06
artifact-history,/component/fN3PHBhKXOXH/artifacts/,local owner,200,True,0,Page load and rendered-control inventory; not every mutation submitted.,
public-component-bom,/public/component/fN3PHBhKXOXH/,anonymous,200,True,0,Page load and rendered-control inventory; not every mutation submitted.,
component-bom,/component/p6ujEO9vqdAN/,local owner,200,True,0,Page load and rendered-control inventory; not every mutation submitted.,UI-05; UI-06
artifact-history,/component/p6ujEO9vqdAN/artifacts/,local owner,200,True,0,Page load and rendered-control inventory; not every mutation submitted.,
public-component-bom,/public/component/p6ujEO9vqdAN/,anonymous,200,True,0,Page load and rendered-control inventory; not every mutation submitted.,
component-bom,/component/GFqDEuhUdnsD/,local owner,200,True,0,Page load and rendered-control inventory; not every mutation submitted.,UI-05; UI-06
artifact-history,/component/GFqDEuhUdnsD/artifacts/,local owner,200,True,0,Page load and rendered-control inventory; not every mutation submitted.,
public-component-bom,/public/component/GFqDEuhUdnsD/,anonymous,200,True,0,Page load and rendered-control inventory; not every mutation submitted.,
component-bom,/component/DVYq1IuFJL40/,local owner,200,True,0,Page load and rendered-control inventory; not every mutation submitted.,UI-05; UI-06
artifact-history,/component/DVYq1IuFJL40/artifacts/,local owner,200,True,0,Page load and rendered-control inventory; not every mutation submitted.,
component-bom,/component/TRT8Is0gc5A5/,local owner,200,True,0,Page load and rendered-control inventory; not every mutation submitted.,UI-05; UI-06
artifact-history,/component/TRT8Is0gc5A5/artifacts/,local owner,200,True,0,Page load and rendered-control inventory; not every mutation submitted.,
public-component-bom,/public/component/TRT8Is0gc5A5/,anonymous,200,True,0,Page load and rendered-control inventory; not every mutation submitted.,
component-bom,/component/I7KklgzxBQsE/,local owner,200,True,0,Page load and rendered-control inventory; not every mutation submitted.,UI-05; UI-06
artifact-history,/component/I7KklgzxBQsE/artifacts/,local owner,200,True,0,Page load and rendered-control inventory; not every mutation submitted.,
public-component-bom,/public/component/I7KklgzxBQsE/,anonymous,200,True,0,Page load and rendered-control inventory; not every mutation submitted.,
component-bom,/component/TciGRxWrcnQv/,local owner,200,True,0,Page load and rendered-control inventory; not every mutation submitted.,UI-05; UI-06
artifact-history,/component/TciGRxWrcnQv/artifacts/,local owner,200,True,0,Page load and rendered-control inventory; not every mutation submitted.,
component-bom,/component/XCiPtSjsatdP/,local owner,200,True,0,Page load and rendered-control inventory; not every mutation submitted.,UI-05; UI-06
artifact-history,/component/XCiPtSjsatdP/artifacts/,local owner,200,True,0,Page load and rendered-control inventory; not every mutation submitted.,
component-bom,/component/q7wpKQNhJYlR/,local owner,200,True,0,Page load and rendered-control inventory; not every mutation submitted.,UI-05; UI-06
artifact-history,/component/q7wpKQNhJYlR/artifacts/,local owner,200,True,0,Page load and rendered-control inventory; not every mutation submitted.,
component-bom,/component/nBxq8uanb0q9/,local owner,200,True,0,Page load and rendered-control inventory; not every mutation submitted.,UI-05; UI-06
artifact-history,/component/nBxq8uanb0q9/artifacts/,local owner,200,True,0,Page load and rendered-control inventory; not every mutation submitted.,
component-bom,/component/M6boZnffwN6N/,local owner,200,True,0,Page load and rendered-control inventory; not every mutation submitted.,UI-05; UI-06
artifact-history,/component/M6boZnffwN6N/artifacts/,local owner,200,True,0,Page load and rendered-control inventory; not every mutation submitted.,
component-bom,/component/wbRZwHQuuXYk/,local owner,200,True,0,Page load and rendered-control inventory; not every mutation submitted.,UI-05; UI-06
artifact-history,/component/wbRZwHQuuXYk/artifacts/,local owner,200,True,0,Page load and rendered-control inventory; not every mutation submitted.,
component-bom,/component/UIuLFbUItemv/,local owner,200,True,0,Page load and rendered-control inventory; not every mutation submitted.,UI-05; UI-06
artifact-history,/component/UIuLFbUItemv/artifacts/,local owner,200,True,0,Page load and rendered-control inventory; not every mutation submitted.,
component-bom,/component/PTRYdjyEsaBk/,local owner,200,True,0,Page load and rendered-control inventory; not every mutation submitted.,UI-05; UI-06
artifact-history,/component/PTRYdjyEsaBk/artifacts/,local owner,200,True,0,Page load and rendered-control inventory; not every mutation submitted.,
public-component-bom,/public/component/PTRYdjyEsaBk/,anonymous,200,True,0,Page load and rendered-control inventory; not every mutation submitted.,
component-bom,/component/NVSVLisHcU0V/,local owner,200,True,0,Page load and rendered-control inventory; not every mutation submitted.,UI-05; UI-06
artifact-history,/component/NVSVLisHcU0V/artifacts/,local owner,200,True,0,Page load and rendered-control inventory; not every mutation submitted.,
public-component-bom,/public/component/NVSVLisHcU0V/,anonymous,200,True,0,Page load and rendered-control inventory; not every mutation submitted.,
component-bom,/component/Kr4DOsoTbIpl/,local owner,200,True,0,Page load and rendered-control inventory; not every mutation submitted.,UI-05; UI-06
artifact-history,/component/Kr4DOsoTbIpl/artifacts/,local owner,200,True,0,Page load and rendered-control inventory; not every mutation submitted.,
public-component-bom,/public/component/Kr4DOsoTbIpl/,anonymous,200,True,0,Page load and rendered-control inventory; not every mutation submitted.,
component-bom,/component/iwnteKVfEPV3/,local owner,200,True,0,Page load and rendered-control inventory; not every mutation submitted.,UI-05; UI-06
artifact-history,/component/iwnteKVfEPV3/artifacts/,local owner,200,True,0,Page load and rendered-control inventory; not every mutation submitted.,
public-component-bom,/public/component/iwnteKVfEPV3/,anonymous,200,True,0,Page load and rendered-control inventory; not every mutation submitted.,
artifact-cbom,/components/GDc9Hn3A77nc/cbom/W4hhNdwvoyua/,local owner,200,True,0,Page load and rendered-control inventory; not every mutation submitted.,
public-artifact-cbom,/public/components/GDc9Hn3A77nc/cbom/W4hhNdwvoyua/,anonymous,200,True,0,Page load and rendered-control inventory; not every mutation submitted.,
vulnerability-report,/sbom/PpZViyYLhKzx/vulnerabilities,local owner,200,True,0,Page load and rendered-control inventory; not every mutation submitted.,
artifact-sbom,/components/y02wQRq6w1LQ/sboms/PpZViyYLhKzx/,local owner,200,True,0,Page load and rendered-control inventory; not every mutation submitted.,
vulnerability-report,/sbom/UQanjUgh9GrX/vulnerabilities,local owner,200,True,0,Page load and rendered-control inventory; not every mutation submitted.,
artifact-sbom,/components/DVYq1IuFJL40/sboms/UQanjUgh9GrX/,local owner,200,True,0,Page load and rendered-control inventory; not every mutation submitted.,
vulnerability-report,/sbom/QCsdkiFyLKNs/vulnerabilities,local owner,200,True,0,Page load and rendered-control inventory; not every mutation submitted.,
artifact-sbom,/components/DqOG3EyDbfR7/sboms/QCsdkiFyLKNs/,local owner,200,True,0,Page load and rendered-control inventory; not every mutation submitted.,
vulnerability-report,/sbom/RpZ6NUGX8oQi/vulnerabilities,local owner,200,True,0,Page load and rendered-control inventory; not every mutation submitted.,
artifact-sbom,/components/GDc9Hn3A77nc/sboms/RpZ6NUGX8oQi/,local owner,200,True,0,Page load and rendered-control inventory; not every mutation submitted.,
public-artifact-sbom,/public/components/GDc9Hn3A77nc/sboms/RpZ6NUGX8oQi/,anonymous,200,True,0,Page load and rendered-control inventory; not every mutation submitted.,
vulnerability-report,/sbom/rkCiKl1y09s8/vulnerabilities,local owner,200,True,0,Page load and rendered-control inventory; not every mutation submitted.,
artifact-sbom,/components/NVSVLisHcU0V/sboms/rkCiKl1y09s8/,local owner,200,True,0,Page load and rendered-control inventory; not every mutation submitted.,
public-artifact-sbom,/public/components/NVSVLisHcU0V/sboms/rkCiKl1y09s8/,anonymous,200,True,0,Page load and rendered-control inventory; not every mutation submitted.,
vulnerability-report,/sbom/qUm1XcISshBM/vulnerabilities,local owner,200,True,0,Page load and rendered-control inventory; not every mutation submitted.,
artifact-sbom,/components/nBxq8uanb0q9/sboms/qUm1XcISshBM/,local owner,200,True,0,Page load and rendered-control inventory; not every mutation submitted.,
vulnerability-report,/sbom/KFz2KmNOEpF0/vulnerabilities,local owner,200,True,0,Page load and rendered-control inventory; not every mutation submitted.,
artifact-sbom,/components/TRT8Is0gc5A5/sboms/KFz2KmNOEpF0/,local owner,200,True,0,Page load and rendered-control inventory; not every mutation submitted.,
public-artifact-sbom,/public/components/TRT8Is0gc5A5/sboms/KFz2KmNOEpF0/,anonymous,200,True,0,Page load and rendered-control inventory; not every mutation submitted.,
vulnerability-report,/sbom/hAJF63y3iUXj/vulnerabilities,local owner,200,True,0,Page load and rendered-control inventory; not every mutation submitted.,
artifact-sbom,/components/I7KklgzxBQsE/sboms/hAJF63y3iUXj/,local owner,200,True,0,Page load and rendered-control inventory; not every mutation submitted.,
public-artifact-sbom,/public/components/I7KklgzxBQsE/sboms/hAJF63y3iUXj/,anonymous,403,True,0,Expected restricted-content access gate for anonymous session.,
vulnerability-report,/sbom/pRvv8VR6zL1m/vulnerabilities,local owner,200,True,0,Page load and rendered-control inventory; not every mutation submitted.,
artifact-sbom,/components/QJIQPFgydxQq/sboms/pRvv8VR6zL1m/,local owner,200,True,0,Page load and rendered-control inventory; not every mutation submitted.,
public-artifact-sbom,/public/components/QJIQPFgydxQq/sboms/pRvv8VR6zL1m/,anonymous,200,True,0,Page load and rendered-control inventory; not every mutation submitted.,
vulnerability-report,/sbom/GybSAI17SsX6/vulnerabilities,local owner,200,True,0,Page load and rendered-control inventory; not every mutation submitted.,
artifact-sbom,/components/M6boZnffwN6N/sboms/GybSAI17SsX6/,local owner,200,True,0,Page load and rendered-control inventory; not every mutation submitted.,
vulnerability-report,/sbom/HLg05QedPcns/vulnerabilities,local owner,200,True,0,Page load and rendered-control inventory; not every mutation submitted.,
artifact-sbom,/components/Kr4DOsoTbIpl/sboms/HLg05QedPcns/,local owner,200,True,0,Page load and rendered-control inventory; not every mutation submitted.,
public-artifact-sbom,/public/components/Kr4DOsoTbIpl/sboms/HLg05QedPcns/,anonymous,200,True,0,Page load and rendered-control inventory; not every mutation submitted.,
vulnerability-report,/sbom/qgcwLmB2llYq/vulnerabilities,local owner,200,True,0,Page load and rendered-control inventory; not every mutation submitted.,
artifact-sbom,/components/zvqWXecn176S/sboms/qgcwLmB2llYq/,local owner,200,True,0,Page load and rendered-control inventory; not every mutation submitted.,
public-artifact-sbom,/public/components/zvqWXecn176S/sboms/qgcwLmB2llYq/,anonymous,200,True,0,Page load and rendered-control inventory; not every mutation submitted.,
vulnerability-report,/sbom/jtFnkr9v6Wuc/vulnerabilities,local owner,200,True,0,Page load and rendered-control inventory; not every mutation submitted.,
artifact-sbom,/components/p6ujEO9vqdAN/sboms/jtFnkr9v6Wuc/,local owner,200,True,0,Page load and rendered-control inventory; not every mutation submitted.,
public-artifact-sbom,/public/components/p6ujEO9vqdAN/sboms/jtFnkr9v6Wuc/,anonymous,200,True,0,Page load and rendered-control inventory; not every mutation submitted.,
vulnerability-report,/sbom/sFrgY8dL510P/vulnerabilities,local owner,200,True,0,Page load and rendered-control inventory; not every mutation submitted.,
artifact-sbom,/components/TciGRxWrcnQv/sboms/sFrgY8dL510P/,local owner,200,True,0,Page load and rendered-control inventory; not every mutation submitted.,
vulnerability-report,/sbom/nbJCrn7nDf2H/vulnerabilities,local owner,200,True,0,Page load and rendered-control inventory; not every mutation submitted.,
artifact-sbom,/components/wbRZwHQuuXYk/sboms/nbJCrn7nDf2H/,local owner,200,True,0,Page load and rendered-control inventory; not every mutation submitted.,
vulnerability-report,/sbom/yipvTdQuyiHu/vulnerabilities,local owner,200,True,0,Page load and rendered-control inventory; not every mutation submitted.,
artifact-sbom,/components/iwnteKVfEPV3/sboms/yipvTdQuyiHu/,local owner,200,True,0,Page load and rendered-control inventory; not every mutation submitted.,
public-artifact-sbom,/public/components/iwnteKVfEPV3/sboms/yipvTdQuyiHu/,anonymous,200,False,0,Page load and rendered-control inventory; not every mutation submitted. Alpine not observed within sweep timeout; do not count this attempt as an interaction check.,
vulnerability-report,/sbom/cJpFpg10CdSA/vulnerabilities,local owner,200,True,0,Page load and rendered-control inventory; not every mutation submitted.,
artifact-sbom,/components/GFqDEuhUdnsD/sboms/cJpFpg10CdSA/,local owner,200,True,0,Page load and rendered-control inventory; not every mutation submitted.,
public-artifact-sbom,/public/components/GFqDEuhUdnsD/sboms/cJpFpg10CdSA/,anonymous,200,True,0,Page load and rendered-control inventory; not every mutation submitted.,
vulnerability-report,/sbom/HM4CLjkAqrdf/vulnerabilities,local owner,200,True,0,Page load and rendered-control inventory; not every mutation submitted.,
artifact-sbom,/components/UIuLFbUItemv/sboms/HM4CLjkAqrdf/,local owner,200,True,0,Page load and rendered-control inventory; not every mutation submitted.,
vulnerability-report,/sbom/NHZZqEmDCsY8/vulnerabilities,local owner,200,True,0,Page load and rendered-control inventory; not every mutation submitted.,
artifact-sbom,/components/XCiPtSjsatdP/sboms/NHZZqEmDCsY8/,local owner,200,True,0,Page load and rendered-control inventory; not every mutation submitted.,
vulnerability-report,/sbom/KgfEmaWh3nxq/vulnerabilities,local owner,200,True,0,Page load and rendered-control inventory; not every mutation submitted.,
artifact-sbom,/components/wtbn7DvzDnWn/sboms/KgfEmaWh3nxq/,local owner,200,True,0,Page load and rendered-control inventory; not every mutation submitted.,
public-artifact-sbom,/public/components/wtbn7DvzDnWn/sboms/KgfEmaWh3nxq/,anonymous,403,True,0,Expected restricted-content access gate for anonymous session.,
vulnerability-report,/sbom/c5vUvoyNHjaA/vulnerabilities,local owner,200,True,0,Page load and rendered-control inventory; not every mutation submitted.,
artifact-sbom,/components/DVYq1IuFJL40/sboms/c5vUvoyNHjaA/,local owner,200,True,0,Page load and rendered-control inventory; not every mutation submitted.,
vulnerability-report,/sbom/XINMKfA8O8zO/vulnerabilities,local owner,200,True,0,Page load and rendered-control inventory; not every mutation submitted.,
artifact-sbom,/components/y02wQRq6w1LQ/sboms/XINMKfA8O8zO/,local owner,200,True,0,Page load and rendered-control inventory; not every mutation submitted.,
vulnerability-report,/sbom/a1oaADwSydeE/vulnerabilities,local owner,200,True,0,Page load and rendered-control inventory; not every mutation submitted.,
artifact-sbom,/components/GDc9Hn3A77nc/sboms/a1oaADwSydeE/,local owner,200,True,0,Page load and rendered-control inventory; not every mutation submitted.,
public-artifact-sbom,/public/components/GDc9Hn3A77nc/sboms/a1oaADwSydeE/,anonymous,200,True,0,Page load and rendered-control inventory; not every mutation submitted.,
vulnerability-report,/sbom/P0pq8f6et3Dq/vulnerabilities,local owner,200,True,0,Page load and rendered-control inventory; not every mutation submitted.,
artifact-sbom,/components/NVSVLisHcU0V/sboms/P0pq8f6et3Dq/,local owner,200,True,0,Page load and rendered-control inventory; not every mutation submitted.,
public-artifact-sbom,/public/components/NVSVLisHcU0V/sboms/P0pq8f6et3Dq/,anonymous,200,True,0,Page load and rendered-control inventory; not every mutation submitted.,
vulnerability-report,/sbom/iaQxOAuKdbAS/vulnerabilities,local owner,200,True,0,Page load and rendered-control inventory; not every mutation submitted.,
artifact-sbom,/components/nBxq8uanb0q9/sboms/iaQxOAuKdbAS/,local owner,200,True,0,Page load and rendered-control inventory; not every mutation submitted.,
vulnerability-report,/sbom/YqFCSry9dGX8/vulnerabilities,local owner,200,True,0,Page load and rendered-control inventory; not every mutation submitted.,
artifact-sbom,/components/QJIQPFgydxQq/sboms/YqFCSry9dGX8/,local owner,200,True,0,Page load and rendered-control inventory; not every mutation submitted.,
public-artifact-sbom,/public/components/QJIQPFgydxQq/sboms/YqFCSry9dGX8/,anonymous,200,True,0,Page load and rendered-control inventory; not every mutation submitted.,
vulnerability-report,/sbom/EHfNq2IiOoy1/vulnerabilities,local owner,200,True,0,Page load and rendered-control inventory; not every mutation submitted.,
artifact-sbom,/components/GFqDEuhUdnsD/sboms/EHfNq2IiOoy1/,local owner,200,True,0,Page load and rendered-control inventory; not every mutation submitted.,
public-artifact-sbom,/public/components/GFqDEuhUdnsD/sboms/EHfNq2IiOoy1/,anonymous,200,True,0,Page load and rendered-control inventory; not every mutation submitted.,
vulnerability-report,/sbom/YgceSXFpHjHB/vulnerabilities,local owner,200,True,0,Page load and rendered-control inventory; not every mutation submitted.,
artifact-sbom,/components/PTRYdjyEsaBk/sboms/YgceSXFpHjHB/,local owner,200,True,0,Page load and rendered-control inventory; not every mutation submitted.,
public-artifact-sbom,/public/components/PTRYdjyEsaBk/sboms/YgceSXFpHjHB/,anonymous,200,True,0,Page load and rendered-control inventory; not every mutation submitted.,
vulnerability-report,/sbom/cBb200LJEbXZ/vulnerabilities,local owner,200,True,0,Page load and rendered-control inventory; not every mutation submitted.,
artifact-sbom,/components/fN3PHBhKXOXH/sboms/cBb200LJEbXZ/,local owner,200,True,0,Page load and rendered-control inventory; not every mutation submitted.,
public-artifact-sbom,/public/components/fN3PHBhKXOXH/sboms/cBb200LJEbXZ/,anonymous,200,True,0,Page load and rendered-control inventory; not every mutation submitted.,
vulnerability-report,/sbom/lv8WcT59A1Kq/vulnerabilities,local owner,200,True,0,Page load and rendered-control inventory; not every mutation submitted.,
artifact-sbom,/components/q7wpKQNhJYlR/sboms/lv8WcT59A1Kq/,local owner,200,True,0,Page load and rendered-control inventory; not every mutation submitted.,
vulnerability-report,/sbom/Ua7HYlPr1HLt/vulnerabilities,local owner,200,True,0,Page load and rendered-control inventory; not every mutation submitted.,
artifact-sbom,/components/K9uIzhi2FLNb/sboms/Ua7HYlPr1HLt/,local owner,200,True,0,Page load and rendered-control inventory; not every mutation submitted.,
vulnerability-report,/sbom/VvU9XBz084vE/vulnerabilities,local owner,200,True,0,Page load and rendered-control inventory; not every mutation submitted.,
artifact-sbom,/components/y02wQRq6w1LQ/sboms/VvU9XBz084vE/,local owner,200,True,0,Page load and rendered-control inventory; not every mutation submitted.,
vulnerability-report,/sbom/P4leijzTb5dz/vulnerabilities,local owner,200,True,0,Page load and rendered-control inventory; not every mutation submitted.,
artifact-sbom,/components/GDc9Hn3A77nc/sboms/P4leijzTb5dz/,local owner,200,True,0,Page load and rendered-control inventory; not every mutation submitted.,
public-artifact-sbom,/public/components/GDc9Hn3A77nc/sboms/P4leijzTb5dz/,anonymous,200,True,0,Page load and rendered-control inventory; not every mutation submitted.,
vulnerability-report,/sbom/eMzT5ZoFk94w/vulnerabilities,local owner,200,True,0,Page load and rendered-control inventory; not every mutation submitted.,
artifact-sbom,/components/GFqDEuhUdnsD/sboms/eMzT5ZoFk94w/,local owner,200,True,0,Page load and rendered-control inventory; not every mutation submitted.,
public-artifact-sbom,/public/components/GFqDEuhUdnsD/sboms/eMzT5ZoFk94w/,anonymous,200,True,0,Page load and rendered-control inventory; not every mutation submitted.,
vulnerability-report,/sbom/Ucb7ddfYcIMY/vulnerabilities,local owner,200,True,0,Page load and rendered-control inventory; not every mutation submitted.,
artifact-sbom,/components/fN3PHBhKXOXH/sboms/Ucb7ddfYcIMY/,local owner,200,True,0,Page load and rendered-control inventory; not every mutation submitted.,
public-artifact-sbom,/public/components/fN3PHBhKXOXH/sboms/Ucb7ddfYcIMY/,anonymous,200,True,0,Page load and rendered-control inventory; not every mutation submitted.,
vulnerability-report,/sbom/lvD9B6lQ4D0e/vulnerabilities,local owner,200,True,0,Page load and rendered-control inventory; not every mutation submitted.,
artifact-sbom,/components/GDc9Hn3A77nc/sboms/lvD9B6lQ4D0e/,local owner,200,True,0,Page load and rendered-control inventory; not every mutation submitted.,
public-artifact-sbom,/public/components/GDc9Hn3A77nc/sboms/lvD9B6lQ4D0e/,anonymous,200,True,0,Page load and rendered-control inventory; not every mutation submitted.,
vulnerability-report,/sbom/t3qitup8Sy23/vulnerabilities,local owner,200,True,0,Page load and rendered-control inventory; not every mutation submitted.,
artifact-sbom,/components/fN3PHBhKXOXH/sboms/t3qitup8Sy23/,local owner,200,True,0,Page load and rendered-control inventory; not every mutation submitted.,
public-artifact-sbom,/public/components/fN3PHBhKXOXH/sboms/t3qitup8Sy23/,anonymous,200,True,0,Page load and rendered-control inventory; not every mutation submitted.,
vulnerability-report,/sbom/fWDEcBnIWfOJ/vulnerabilities,local owner,200,False,0,Page load and rendered-control inventory; not every mutation submitted. Alpine not observed within sweep timeout; do not count this attempt as an interaction check.,
artifact-sbom,/components/GDc9Hn3A77nc/sboms/fWDEcBnIWfOJ/,local owner,200,True,0,Page load and rendered-control inventory; not every mutation submitted.,
public-artifact-sbom,/public/components/GDc9Hn3A77nc/sboms/fWDEcBnIWfOJ/,anonymous,200,True,0,Page load and rendered-control inventory; not every mutation submitted.,
vulnerability-report,/sbom/j2uqUVsN8N1b/vulnerabilities,local owner,200,True,0,Page load and rendered-control inventory; not every mutation submitted.,
artifact-sbom,/components/GDc9Hn3A77nc/sboms/j2uqUVsN8N1b/,local owner,200,True,0,Page load and rendered-control inventory; not every mutation submitted.,
public-artifact-sbom,/public/components/GDc9Hn3A77nc/sboms/j2uqUVsN8N1b/,anonymous,200,True,0,Page load and rendered-control inventory; not every mutation submitted.,
vulnerability-report,/sbom/F8sImOQbmBc4/vulnerabilities,local owner,200,True,0,Page load and rendered-control inventory; not every mutation submitted.,
artifact-sbom,/components/GDc9Hn3A77nc/sboms/F8sImOQbmBc4/,local owner,200,True,0,Page load and rendered-control inventory; not every mutation submitted.,
public-artifact-sbom,/public/components/GDc9Hn3A77nc/sboms/F8sImOQbmBc4/,anonymous,200,True,0,Page load and rendered-control inventory; not every mutation submitted.,
artifact-document,/components/w2lHKR4Mn7Dq/documents/s313WdX8J9Ru/,local owner,200,True,0,Page load and rendered-control inventory; not every mutation submitted.,
public-artifact-document,/public/components/w2lHKR4Mn7Dq/documents/s313WdX8J9Ru/,anonymous,200,True,0,Page load and rendered-control inventory; not every mutation submitted.,
artifact-document,/components/azAnot7pxjCS/documents/gVDfuBUNl3le/,local owner,200,True,0,Page load and rendered-control inventory; not every mutation submitted.,
public-artifact-document,/public/components/azAnot7pxjCS/documents/gVDfuBUNl3le/,anonymous,200,True,0,Page load and rendered-control inventory; not every mutation submitted.,
artifact-document,/components/azAnot7pxjCS/documents/tqWx4F1OHQNk/,local owner,200,True,0,Page load and rendered-control inventory; not every mutation submitted.,
public-artifact-document,/public/components/azAnot7pxjCS/documents/tqWx4F1OHQNk/,anonymous,200,True,0,Page load and rendered-control inventory; not every mutation submitted.,
artifact-document,/components/y31PMtFYrMA2/documents/rLYldwvgfPrS/,local owner,200,True,0,Page load and rendered-control inventory; not every mutation submitted.,
artifact-document,/components/hl7nDMUaHJS8/documents/PXa7fKwgxTkB/,local owner,200,True,0,Page load and rendered-control inventory; not every mutation submitted.,
public-artifact-document,/public/components/hl7nDMUaHJS8/documents/PXa7fKwgxTkB/,anonymous,403,True,0,Expected restricted-content access gate for anonymous session.,
artifact-document,/components/VcadXe6BPFn8/documents/aCBb78EiDB5w/,local owner,200,True,0,Page load and rendered-control inventory; not every mutation submitted.,
public-artifact-document,/public/components/VcadXe6BPFn8/documents/aCBb78EiDB5w/,anonymous,200,True,0,Page load and rendered-control inventory; not every mutation submitted.,
artifact-document,/components/YRHHjOd0fLlv/documents/LJarS9dSI5nb/,local owner,200,True,0,Page load and rendered-control inventory; not every mutation submitted.,
public-artifact-document,/public/components/YRHHjOd0fLlv/documents/LJarS9dSI5nb/,anonymous,200,True,0,Page load and rendered-control inventory; not every mutation submitted.,
artifact-document,/components/YRHHjOd0fLlv/documents/N8zSduVosGYy/,local owner,200,True,0,Page load and rendered-control inventory; not every mutation submitted.,
public-artifact-document,/public/components/YRHHjOd0fLlv/documents/N8zSduVosGYy/,anonymous,200,True,0,Page load and rendered-control inventory; not every mutation submitted.,
advisory,/security-advisories/vbBxRjUuzlma/,local owner,200,True,0,Page load and rendered-control inventory; not every mutation submitted.,
public-advisory,/public/workspace/SPJyC6UIb/advisories/vbBxRjUuzlma/,anonymous,200,True,0,Page load and rendered-control inventory; not every mutation submitted.,
advisory,/security-advisories/kG2Mrpgh9E1W/,local owner,200,True,0,Page load and rendered-control inventory; not every mutation submitted.,
advisory,/security-advisories/co8GvlzGhOji/,local owner,200,True,0,Page load and rendered-control inventory; not every mutation submitted.,
advisory,/security-advisories/MhesF0SIluoL/,local owner,200,True,0,Page load and rendered-control inventory; not every mutation submitted.,
advisory,/security-advisories/sXlfaT5BgTvZ/,local owner,200,True,0,Page load and rendered-control inventory; not every mutation submitted.,
public-advisory,/public/workspace/SPJyC6UIb/advisories/sXlfaT5BgTvZ/,anonymous,200,True,0,Page load and rendered-control inventory; not every mutation submitted.,
advisory,/security-advisories/o4609fTofPm2/,local owner,200,True,0,Page load and rendered-control inventory; not every mutation submitted.,
public-advisory,/public/workspace/SPJyC6UIb/advisories/o4609fTofPm2/,anonymous,200,True,0,Page load and rendered-control inventory; not every mutation submitted.,
advisory,/security-advisories/eKE9ASkLdjsG/,local owner,200,True,0,Page load and rendered-control inventory; not every mutation submitted.,
public-advisory,/public/workspace/SPJyC6UIb/advisories/eKE9ASkLdjsG/,anonymous,200,True,0,Page load and rendered-control inventory; not every mutation submitted.,
advisory,/security-advisories/Mb5qyU7izJzu/,local owner,200,True,0,Page load and rendered-control inventory; not every mutation submitted.,
public-advisory,/public/workspace/SPJyC6UIb/advisories/Mb5qyU7izJzu/,anonymous,200,True,0,Page load and rendered-control inventory; not every mutation submitted.,
advisory,/security-advisories/A53YQWadwBR4/,local owner,200,True,0,Page load and rendered-control inventory; not every mutation submitted.,
advisory,/security-advisories/Zmkd3ISfYPdF/,local owner,200,False,0,Page load and rendered-control inventory; not every mutation submitted. Alpine not observed within sweep timeout; do not count this attempt as an interaction check.,
public-advisory,/public/workspace/SPJyC6UIb/advisories/Zmkd3ISfYPdF/,anonymous,200,True,0,Page load and rendered-control inventory; not every mutation submitted.,
advisory,/security-advisories/wOl3dKShgymw/,local owner,200,True,0,Page load and rendered-control inventory; not every mutation submitted.,
public-advisory,/public/workspace/SPJyC6UIb/advisories/wOl3dKShgymw/,anonymous,200,True,0,Page load and rendered-control inventory; not every mutation submitted.,
advisory,/security-advisories/QFZetaD8sv6L/,local owner,200,True,0,Page load and rendered-control inventory; not every mutation submitted.,
public-advisory,/public/workspace/SPJyC6UIb/advisories/QFZetaD8sv6L/,anonymous,404,True,0,Restricted advisory unavailable anonymously; owner destination checked separately.,
advisory,/security-advisories/i3Da1Vf8E0AI/,local owner,200,True,0,Page load and rendered-control inventory; not every mutation submitted.,
public-advisory,/public/workspace/SPJyC6UIb/advisories/i3Da1Vf8E0AI/,anonymous,200,True,0,Page load and rendered-control inventory; not every mutation submitted.,
advisory,/security-advisories/eqbLw8L32mII/,local owner,200,True,0,Page load and rendered-control inventory; not every mutation submitted.,
public-advisory,/public/workspace/SPJyC6UIb/advisories/eqbLw8L32mII/,anonymous,200,True,0,Page load and rendered-control inventory; not every mutation submitted.,
advisory,/security-advisories/hkXeIznit4jJ/,local owner,200,True,0,Page load and rendered-control inventory; not every mutation submitted.,
public-advisory,/public/workspace/SPJyC6UIb/advisories/hkXeIznit4jJ/,anonymous,404,True,0,Restricted advisory unavailable anonymously; owner destination checked separately.,
advisory,/security-advisories/QKvkQnaEGwTI/,local owner,200,True,0,Page load and rendered-control inventory; not every mutation submitted.,
public-advisory,/public/workspace/SPJyC6UIb/advisories/QKvkQnaEGwTI/,anonymous,200,True,0,Page load and rendered-control inventory; not every mutation submitted.,
advisory,/security-advisories/AQK97XJaiQx7/,local owner,200,True,0,Page load and rendered-control inventory; not every mutation submitted.,
public-advisory,/public/workspace/SPJyC6UIb/advisories/AQK97XJaiQx7/,anonymous,200,True,0,Page load and rendered-control inventory; not every mutation submitted.,
public,/public/workspace/SPJyC6UIb/,anonymous,200,True,0,Page load and rendered-control inventory; not every mutation submitted.,
public,/public/workspace/SPJyC6UIb/advisories/,anonymous,200,True,0,Page load and rendered-control inventory; not every mutation submitted.,
public,/workspace/SPJyC6UIb/access-request,anonymous,redirect/proxy,unknown,0,Proxy redirect failed; redirect chain investigated separately. Not an app-defect verdict.,
public,/enterprise-contact/,anonymous,200,False,0,Page load and rendered-control inventory; not every mutation submitted. Alpine not observed within sweep timeout; do not count this attempt as an interaction check.,
public,/login_error,anonymous,200,True,0,Page load and rendered-control inventory; not every mutation submitted.,
public,/missing-audit-page/,anonymous,404,False,0,Intentional missing-page probe.,
